{"time_rel(sec)":-1.2278761946,"velocity(m\/s)":3.9841882748,"delta_velocity(m\/s^2)":0.3066555086,"acceleration(m\/s^2)":0.3066555086,"is_sismo_predicted":true,"first_time_abs":"1975-06-26T00:00:00.542000"}
